<?xml version="1.0" encoding="UTF-8" standalone="yes"?>
<addon id="plugin.video.waynekodibuildwizard" name="waynekodibuildwizard" version="1.9.3" provider-name="Wayne Kodi">
  <requires>
    <import addon="xbmc.python" version="2.1.0"/>
  </requires>
  <extension point="xbmc.python.pluginsource" library="default.py">
        <provides>video executable</provides>
  </extension>
  <extension point="xbmc.addon.metadata">
    <summary lang="en">MyKodiBuild Wizard</summary>
    <description lang="en">Wayne Kodi Wizard</description>
    <platform>all</platform>
  </extension>
</addon>
